Node, Local Clustering Coefficient 
48,0.19838056680161945
1,0.3349206349206349
63,0.20124113475177305
126,0.1638285378743394
129,0.3172905525846702
156,0.19047619047619047
201,0.25551020408163266
206,0.17234432234432234
228,0.27130325814536344
282,0.16946778711484595
335,0.18962623951182303
347,0.1857349000206143
373,0.30303030303030304
390,0.3117845117845118
477,0.3038461538461538
527,0.2595959595959596
558,0.3870967741935484
581,0.25898520084566595
603,0.17882265827471308
626,0.21517996870109546
648,0.20532514080901176
679,0.12605363984674328
716,0.2568027210884354
851,0.17476489028213166
924,0.20637408568443052
939,0.31983805668016196
965,0.2374829001367989
1005,0.27403846153846156
1078,0.2010928961748634
1096,0.2901849217638691
1107,0.24312896405919662
1191,0.20847457627118643
1456,0.159824193387274
1458,0.3316400580551524
1464,0.15621142408259456
1470,0.14167753150804
1505,0.15305867665418227
6,0.47619047619047616
2,0.19663865546218487
11,0.2463768115942029
12,0.15942028985507245
24,0.24153005464480876
29,0.15333677330581355
49,0.2
52,0.15219298245614035
78,0.19604024667315806
115,0.1235447849845569
146,0.18696778970751574
189,0.1958359101216244
191,0.18383838383838383
192,0.2706552706552707
195,0.2153846153846154
216,0.23776223776223776
229,0.1686198657412675
235,0.33064516129032256
238,0.16606060606060605
252,0.22459893048128343
266,0.14096016343207354
271,0.23943661971830985
303,0.19351374570446736
324,0.19036519036519037
340,0.3387096774193548
372,0.36666666666666664
409,0.26173541963015645
418,0.10787377450980393
421,0.18834786821705427
424,0.14225277630883132
464,0.18787096774193549
475,0.14462676962676962
476,0.1964380179862458
491,0.2387218045112782
512,0.21022727272727273
550,0.2560483870967742
559,0.1919104991394148
561,0.2726045883940621
647,0.24039013195639702
678,0.21009009009009008
717,0.2823529411764706
745,0.1447087309500071
754,0.22521008403361345
758,0.2360655737704918
788,0.22496371552975328
792,0.1798658857482387
795,0.2318840579710145
809,0.20739348370927319
816,0.2049062049062049
840,0.4033333333333333
855,0.14709851551956815
857,0.1887719298245614
900,0.10782720063051081
932,0.26666666666666666
934,0.2266118836915297
959,0.16696139109932212
966,0.12081692913385826
995,0.22436974789915967
1018,0.2619047619047619
1048,0.24630541871921183
1050,0.15522875816993464
1054,0.13598216627327564
1066,0.13682092555331993
1074,0.13783983920448534
1081,0.75
1092,0.4268774703557312
1117,0.16091954022988506
1163,0.18787878787878787
1210,0.21081349206349206
1249,0.37606837606837606
1254,0.16145833333333334
1261,0.11162265854208982
1277,0.24242424242424243
1278,0.20199750312109863
1305,0.19269102990033224
1331,0.2692307692307692
1376,0.21564356435643564
1411,1.0
1431,0.14450096899224807
1461,0.23255813953488372
1467,0.18316373728029603
1487,0.267425320056899
1499,0.13008130081300814
8,0.23827791986359761
3,0.2902597402597403
28,0.1140649852306294
43,0.25656565656565655
118,0.28609201480698043
148,0.340080971659919
180,0.1893780573025856
243,0.3521594684385382
272,0.2793709528214616
323,0.16216216216216217
330,0.2597701149425287
549,0.33015873015873015
552,0.12280701754385964
611,0.16175783076203834
629,0.23850574712643677
639,0.2015868351454599
650,0.11252146956558166
659,0.3032258064516129
742,0.15092502434274585
746,0.1827956989247312
772,0.21116138763197587
781,0.1925247902364607
786,0.17825311942959002
861,0.21262699564586357
874,0.1661706349206349
908,0.2143276570757487
951,0.2648221343873518
1124,0.18115942028985507
1144,0.19217330538085256
1192,0.3216374269005848
1202,0.18943298969072164
1270,0.23846153846153847
1271,0.16016307513104253
1298,0.24242424242424243
1381,0.22424242424242424
1395,0.26495726495726496
1516,0.22916666666666666
4,0.46153846153846156
284,0.5029239766081871
370,0.16815476190476192
898,0.39206349206349206
1115,0.20615384615384616
1369,0.26666666666666666
1485,0.3032258064516129
18,0.2692075015124017
5,0.22294172062904719
38,0.29280070237050043
41,0.15963963963963965
55,0.20952380952380953
117,0.37209302325581395
141,0.3985200845665962
145,0.19356136820925554
226,0.19460602855631942
261,0.22705314009661837
267,0.18515742128935533
314,0.403214535290007
327,0.22033898305084745
351,0.1810167499265354
394,0.2646341463414634
412,0.17377860235003093
450,0.1776127926898915
458,0.2062111801242236
632,0.20745044429254955
657,0.24014336917562723
660,0.14096016343207354
663,0.34992887624466573
689,0.21801491681009752
714,0.2578247261345853
731,0.3717948717948718
750,0.13011006289308177
764,0.30230496453900707
769,0.2544757033248082
829,0.19473684210526315
835,0.3333333333333333
859,0.22932651321398123
886,0.18967988533205923
972,0.1478470340258958
1017,0.1916684199452977
1068,0.15236567762630313
1077,0.24100156494522693
1136,0.2563265306122449
1180,0.24474474474474475
1196,0.17982456140350878
1209,0.17692307692307693
1242,0.21318879855465223
1283,0.3939393939393939
1296,0.13536221060492906
1304,0.6233766233766234
1323,0.2076878944348824
1335,0.5182795698924731
1496,0.2508503401360544
892,0.23895946763460374
944,0.1729545101692284
237,0.20739348370927319
7,0.3
875,0.31620553359683795
1313,0.17402597402597403
121,0.33647058823529413
154,0.12416107382550336
249,0.4066666666666667
269,0.18955696202531647
285,0.31587301587301586
286,0.1657142857142857
366,0.16438709677419355
437,0.18234950321449445
444,0.17153153153153153
479,0.1841346153846154
538,0.19248422260470452
555,0.25177304964539005
572,0.15786082474226804
627,0.2084507042253521
687,0.18326545723805998
703,0.13623018203170875
715,0.1913265306122449
755,0.21674876847290642
762,0.19600352630032325
867,0.10438903202061096
877,0.3425287356321839
933,0.14624437521633785
952,0.16871199557766722
958,0.5955882352941176
969,0.2571428571428571
978,0.1982281284606866
1103,0.21248439450686643
1118,0.27629233511586454
1146,0.2084507042253521
1195,0.26799557032115173
1225,0.17759562841530055
1246,0.38596491228070173
1273,0.17976513098464317
1307,0.09607270366764038
1308,0.22424242424242424
1386,0.20734463276836157
1480,0.1831831831831832
14,0.5883940620782726
9,0.3028024606971975
15,0.5282392026578073
51,0.23548387096774193
86,0.2755947607591553
100,0.561877667140825
106,0.18989568933014955
130,0.38454106280193234
159,0.4426705370101596
171,0.5619047619047619
178,0.39755102040816326
188,0.4954954954954955
217,0.23820224719101124
223,0.1159866220735786
232,0.6282051282051282
257,0.41275430359937404
259,0.5448504983388704
265,0.36010066346373826
297,0.8
300,0.2170212765957447
312,0.27628968253968256
313,0.5573122529644269
329,0.46879535558780844
362,0.3184371184371184
395,0.35437430786268
400,0.37849462365591396
408,0.4634146341463415
443,0.5118367346938776
455,0.2
492,0.36502177068214803
518,0.16334433981492805
546,0.13283027242967319
554,0.45584045584045585
589,0.5555555555555556
656,0.3280487804878049
676,0.2821969696969697
693,0.5070707070707071
696,0.5210526315789473
752,0.42857142857142855
823,0.6789473684210526
832,0.506006006006006
918,0.39303482587064675
921,0.26811594202898553
928,0.6476190476190476
938,0.46405228758169936
940,0.46589259796806964
1093,0.1701045798773891
1106,0.37715617715617716
1132,0.22078315534348253
1148,0.25290697674418605
1156,0.2817182817182817
1175,0.35023041474654376
1182,0.3225672877846791
1190,0.4858156028368794
1200,0.41353383458646614
1214,0.6833333333333333
1237,0.43671497584541064
1238,0.6666666666666666
1289,0.23865771812080536
1295,0.44060283687943264
1316,0.32
1333,0.7450980392156863
1363,0.5584415584415584
1366,0.4
1377,0.5802968960863698
1383,0.49572649572649574
1397,0.44206773618538325
1400,0.5333333333333333
1407,0.8727272727272727
1430,0.35837245696400627
1436,0.363265306122449
1447,0.42521008403361343
1449,0.3835034013605442
1460,0.30253164556962026
1475,0.22160379303236447
1478,0.3362517099863201
31,0.24528301886792453
10,0.3246753246753247
58,0.16307692307692306
151,0.25792811839323465
172,0.358974358974359
301,0.18449367088607596
304,0.31596638655462184
325,0.12216884008236102
413,0.22666666666666666
543,0.13037294563843235
604,0.24472049689440994
637,0.32007575757575757
658,0.34782608695652173
664,0.18178053830227744
732,0.23333333333333334
993,0.19146005509641872
1069,0.33157894736842103
1086,0.2896103896103896
1203,0.3333333333333333
1410,0.18236409608091025
1490,0.15002757859900717
270,0.24242424242424243
290,0.3263157894736842
299,0.24244897959183673
415,0.2683982683982684
419,0.4852941176470588
642,0.2
692,0.17437985931136615
824,0.30526315789473685
937,0.20789779326364694
943,0.8333333333333334
963,0.2159468438538206
1016,0.22568940493468795
1063,0.23655913978494625
1075,0.21897163120567376
1137,0.2012012012012012
1264,0.1803921568627451
1279,0.46405228758169936
1357,0.3438735177865613
1380,0.16864053377814844
1444,0.6
1468,0.2684729064039409
42,0.22948717948717948
64,0.2692075015124017
68,0.4206773618538324
119,0.262699564586357
131,0.6833333333333333
160,0.2763963963963964
165,0.24051803885291398
194,0.28
198,0.15825557036754903
199,0.19245413637937003
227,0.11261872455902307
298,0.23450980392156862
445,0.28144144144144145
454,0.25846153846153846
473,0.26666666666666666
486,0.3404634581105169
537,0.3089700996677741
579,0.29411764705882354
586,0.19717895974140465
594,0.2591362126245847
596,0.17695803261160117
620,1.0
635,0.2418454305024978
690,0.16813686180165732
780,0.20101577118417535
834,0.5
871,0.19296066252587993
916,0.3247311827956989
942,0.2564102564102564
1019,0.22857142857142856
1024,1.0
1042,0.23387096774193547
1111,0.2857977790765634
1122,0.29568627450980395
1130,0.21824561403508771
1152,0.4048582995951417
1158,0.21346801346801347
1170,0.2694235588972431
1172,0.21739130434782608
1213,0.20776255707762556
1345,0.17943037974683546
1399,0.18350079323109467
1402,0.31827956989247314
1439,0.3048128342245989
1484,0.30039525691699603
13,0.45454545454545453
432,0.5357142857142857
856,0.32142857142857145
53,0.4102216191768431
83,0.3306397306397306
112,0.3219178082191781
164,0.3604336043360434
168,0.2670369868581493
177,0.2534193548387097
239,0.38243831640058057
345,0.3299589603283174
385,0.370174510840825
386,0.4444444444444444
621,0.3167092924126172
654,0.3900255754475703
682,0.3764705882352941
784,0.42347247428917123
872,0.45957918050941304
919,0.2644194756554307
1037,0.4039829302987198
1315,0.21265508684863524
435,0.5391304347826087
548,0.2676962676962677
665,0.3613053613053613
749,0.29225352112676056
785,0.5089743589743589
901,0.4750337381916329
997,0.2647887323943662
1052,0.3400673400673401
1181,0.2707317073170732
590,0.2724867724867725
16,1.0
623,0.15623100303951368
726,0.3557312252964427
909,0.2827586206896552
528,0
17,0
152,0.19984326018808776
308,0.2686868686868687
344,0.2880986937590711
358,0.14655727155727155
482,0.2104499274310595
511,0.2617960426179604
521,0.2663280116110305
542,0.24539069359086918
564,0.2669461914744934
571,0.1324404761904762
585,0.22421142369991476
694,0.4408866995073892
702,0.3082706766917293
722,0.13574944071588366
724,0.14803967879074162
798,0.2782608695652174
843,0.15991041433370662
846,0.1568627450980392
957,0.3292929292929293
984,0.17496774193548387
985,0.23796932839767318
1085,0.2714975845410628
1097,0.5147058823529411
1104,0.35714285714285715
1123,0.2261420171867933
1145,0.2079207920792079
1311,0.18954954954954956
1317,0.15514443362544628
1504,0.18468029860434923
1509,0.2662473794549266
32,0.1537112799532437
19,0.38461538461538464
50,0.2551282051282051
135,0.4689028651292802
225,0.3341176470588235
246,0.7426470588235294
276,0.5036284470246735
293,0.2916666666666667
356,0.416794674859191
410,0.40372670807453415
416,0.5321969696969697
462,0.2696969696969697
539,0.41854636591478694
551,0.47099930118798045
602,0.4947089947089947
709,0.24444444444444444
733,0.5157894736842106
740,0.4722689075630252
765,0.5
805,0.6857142857142857
810,0.4482001755926251
821,0.544973544973545
964,0.4838112858464385
994,0.36558441558441557
1023,0.40219092331768386
1033,0.5221774193548387
1053,0.5470653377630121
1056,0.5608465608465608
1058,0.3940533151059467
1065,0.45806451612903226
1120,0.6854838709677419
1162,0.4230769230769231
1166,0.6021021021021021
1177,0.5134693877551021
1324,0.36317016317016315
1472,0.38482886216466233
1476,0.6257309941520468
20,0.1787423103212577
133,0.2177858439201452
157,0.22142857142857142
183,0.18051948051948052
277,0.2053872053872054
281,0.42245989304812837
361,0.18461538461538463
369,0.15923392612859097
380,0.2413793103448276
391,0.2196620583717358
398,0.17867867867867868
406,0.2227866473149492
446,0.18505056890012642
452,0.19685497961560863
504,0.1748768472906404
509,0.4339339339339339
514,0.2271186440677966
531,0.16845878136200718
544,0.1849894291754757
547,0.13476168296848315
573,0.17007465108730932
598,0
644,0.3323232323232323
645,0.2012288786482335
681,0.15838779956427015
849,0.19683257918552036
878,0.1617478837794555
923,0.3684210526315789
1025,0.17608231411376432
1040,0.13333333333333333
1084,0.3206291591046582
1087,0.23311748381128586
1090,0.19787644787644787
1187,0.23274094326725905
1189,0.19595959595959597
1199,0.35429769392033544
1250,0.2536231884057971
1284,0.24057971014492754
1287,0.26549821486530345
1328,0.26464646464646463
1332,0.22916666666666666
1443,0.3093877551020408
1466,0.16151910318005033
21,0.21616161616161617
149,0.2348008385744235
169,0.19124579124579125
224,0.3783068783068783
256,0.42857142857142855
339,0.26109936575052856
411,0.20075757575757575
587,0.2483130904183536
625,0.22727272727272727
662,0.15184815184815184
674,0.7857142857142857
691,0.1676342525399129
699,0.1282051282051282
825,0.20135746606334842
899,0.1982281284606866
911,0.28102836879432624
949,0.21428571428571427
992,0.16766243465272593
1026,0
1100,0.3352272727272727
1116,0.21073446327683615
1217,0.20489795918367346
1223,0.2518939393939394
1256,0.27353266888150607
1272,0.249848759830611
1327,0.23004354136429608
1418,0.22435897435897437
1419,0.21428571428571427
1473,0.22122448979591836
1479,0.18148893360160967
91,0.167849141150112
22,0.26900584795321636
264,0.15954415954415954
478,0.31585365853658537
636,0.17630969913738692
880,0.43666666666666665
927,0.16074058489375131
1067,0.2227027027027027
1150,0.2
1350,0.23265306122448978
882,0
23,0
70,0.2307070707070707
122,0.18382352941176472
322,0.29887218045112784
359,0.1306542418947777
407,0.16536050156739812
433,0.18115501519756838
472,0.16947340283346699
487,0.12075471698113208
553,0.15965626413387607
563,0.41025641025641024
576,0.34875115633672527
577,0.2584325396825397
583,0.17758985200845667
613,0.1805122879889235
649,0.25487122060470324
787,0.285792349726776
822,0.1907103825136612
896,0.15172413793103448
902,0.24435394298407997
970,0.39204545454545453
1001,0.18518518518518517
1133,0.19101123595505617
1160,0.30718954248366015
1235,0.14605263157894738
1294,0.23774954627949182
1297,0.356734693877551
1329,0.18554106611759322
1336,0.18192488262910797
1362,0.24900900900900902
1390,0.21
1413,0.24444444444444444
1426,0.32753623188405795
25,0.16814764183185235
134,0.18316831683168316
230,0.23076923076923078
244,0.2967741935483871
263,0.19540229885057472
275,0.19177253478523895
296,0.19131614654002713
357,0.3956043956043956
381,0.38461538461538464
488,0.21428571428571427
490,0.2905525846702317
500,0.47619047619047616
633,0.1919517102615694
711,0.17050298380221654
813,0.12987012987012986
828,0.26436781609195403
876,0.19604024667315806
894,0.17457627118644067
971,0.2903225806451613
1014,0.20387174833635813
1059,0.3315508021390374
1083,0.42028985507246375
1168,0.2564102564102564
1240,0.5454545454545454
1268,0.16149068322981366
1282,0.24166666666666667
1293,0.19421487603305784
1398,0.26411290322580644
1422,0.2669683257918552
1437,0.7090909090909091
1477,0.22286934575810521
1489,0.19687592101385204
1492,0.30328441649196364
147,1.0
26,0.3
534,0.25
651,0.38181818181818183
697,0.3333333333333333
1292,1.0
27,0.38095238095238093
568,0.24603174603174602
1006,0.1796078431372549
47,0.45454545454545453
62,0.23387096774193547
75,0.20625889046941678
80,0.2620689655172414
90,0.26834381551362685
92,0.25946969696969696
155,0.226890756302521
193,0.3228803716608595
197,0.20957592339261286
205,0.2303422756706753
220,0.13666666666666666
292,0.21322378716744914
316,0.6190476190476191
337,0.21585365853658536
402,0.20489795918367346
414,0.2027861047434315
441,0.43636363636363634
459,0.29924242424242425
481,0.14545454545454545
515,0.16154521510096576
520,0.19615384615384615
526,0.2578947368421053
530,0.23697478991596638
567,0.15714285714285714
591,0.2224310776942356
607,0.38095238095238093
610,0.18143459915611815
685,0.25853658536585367
719,0.13014884042921426
739,0.23333333333333334
748,0.2658569500674764
753,0.15215352427674772
761,0.2563265306122449
768,0.36185383244206776
778,0.1352120308901233
782,0.24511784511784512
790,0.25
811,0.26666666666666666
830,0.23809523809523808
845,0.23215686274509803
879,0.2537878787878788
883,0.22525879917184266
936,0.20985979194934418
946,0.21390374331550802
956,0.23315602836879432
987,0.20346320346320346
998,0.20112994350282487
1041,0.2982456140350877
1046,0.19124579124579125
1071,0.2299498746867168
1073,0.18577648766328012
1171,0.27666666666666667
1179,0.19988310929281122
1188,0.37980085348506404
1274,0.15964912280701754
1367,0.5555555555555556
1405,0.25806451612903225
1412,0.2733333333333333
1415,0.22363945578231292
1433,0.31025641025641026
1448,0.18985808238144686
1453,0.3076923076923077
1463,0.28739495798319326
1495,0.24777183600713013
1513,0.2585034013605442
71,0.303954802259887
73,0.3391812865497076
127,0.2727272727272727
150,0.17435897435897435
162,0.22857142857142856
175,0.11312217194570136
211,0.1288135593220339
212,0.3684210526315789
306,0.2536231884057971
348,0.6666666666666666
350,0.18181818181818182
376,0.19754529514903565
438,0.16915632232274352
461,0.21428571428571427
498,0.28421052631578947
503,0.3804347826086957
517,0.12608290017326404
566,0.5494505494505495
599,0.21040723981900453
608,0.22988505747126436
646,0.28244897959183674
661,0.23589269195189638
797,0.29523809523809524
820,0.20952380952380953
1020,0.2263184843830005
1064,0.25831202046035806
1098,0.2705128205128205
1149,0.35467980295566504
1157,0.27464008859357697
1207,0.28879892037786775
1212,0.2602564102564103
1224,0.28869047619047616
1290,0.2121657361151925
1321,0.28524590163934427
1339,0.2294172062904718
1344,0.3076923076923077
1347,0.4835164835164835
1375,0.34838709677419355
1382,0.24596774193548387
1388,0.1835075493612079
1391,0.20036036036036037
1394,0.3292307692307692
1515,0.21038961038961038
33,0.23519668737060043
30,0.48403361344537815
82,0.34460887949260044
163,0.2692307692307692
401,0.313469387755102
423,0.2351233671988389
516,0.2270861833105335
532,0.23845704266510812
595,0.32857142857142857
641,0.1860885275519422
766,0.23513302034428796
897,0.27163561076604553
912,0.23205741626794257
925,0.19170075978959672
1010,0.3026315789473684
1108,0.2535014005602241
1286,0.2261072261072261
1471,0.23842823842823843
103,0.2512315270935961
181,0.19080459770114944
463,0.2989247311827957
506,0.1705166637277376
707,0.18160919540229886
738,0.2078853046594982
759,0.18461538461538463
868,0.11904761904761904
904,0.1641851106639839
962,0.3333333333333333
96,0.357487922705314
123,0.09686609686609686
236,0.19548022598870057
254,0.36091954022988504
389,0.631578947368421
439,0.17567567567567569
578,0.24679979518689196
763,0.13636363636363635
906,0.26576576576576577
1061,0.5405405405405406
1095,0.22823529411764706
1101,0.28903654485049834
1125,0.18382352941176472
1143,0.4772727272727273
1255,0.25735294117647056
1281,0.2510822510822511
1424,0.15955581531268265
114,0.24175824175824176
251,0.1689795918367347
310,0.21686746987951808
425,0.18164251207729468
524,0.22867513611615245
628,0.2218350754936121
734,0.22823529411764706
791,0.43859649122807015
888,0.26801346801346804
982,0.23646723646723647
1038,0.4166666666666667
1062,0.25210084033613445
1216,0.20508474576271185
1230,0.20952380952380953
1247,0.26666666666666666
1341,0.21923076923076923
1368,0.2853146853146853
1389,0.23855092276144907
34,0
97,0.3026315789473684
35,0.40476190476190477
125,0.41106719367588934
219,0.2971153846153846
305,0.34980392156862744
890,0.5353846153846153
1080,0.4181313598519889
1360,0.3200568990042674
36,0.43243243243243246
56,0.3231707317073171
60,0.39183673469387753
102,0.48787878787878786
167,0.34098360655737703
368,0.3414141414141414
493,0.3710955710955711
609,0.4101633393829401
669,0.31309041835357626
860,0.477124183006536
953,0.45603864734299515
1312,0.463768115942029
1320,0.35162423178226515
1355,0.5014245014245015
1420,0.532258064516129
37,0.29024390243902437
132,0.6761904761904762
294,1.0
417,0.3602941176470588
485,0.19692307692307692
723,0.2021978021978022
727,0.17724867724867724
870,0
945,0.2593220338983051
991,0.4129032258064516
1134,0.6666666666666666
1176,0.5
1222,0.2457482993197279
1364,0.5619047619047619
1510,0.4717741935483871
142,0.2025383395029085
176,0.19913419913419914
231,0.20626317374284853
447,0.24474474474474475
507,0.2372346528973035
592,0.3610188261351052
770,0.43722943722943725
915,0.25158562367864695
1129,0.3072463768115942
1159,0.31204644412191584
1253,0.2954429083461341
1280,0.39327731092436974
1301,0.18181818181818182
1306,0.43874643874643876
1385,0.3915966386554622
1469,0.18218623481781376
39,0.38575393154486587
57,0.2
61,0.5
99,0.6666666666666666
104,0.38961748633879784
196,0.48653061224489796
247,0.5720430107526882
315,0.4393939393939394
612,0.4402439024390244
666,0.5614035087719298
775,0.46405228758169936
910,0.43137254901960786
1036,0.46798029556650245
1109,0.45054945054945056
1205,0.3983606557377049
1303,0.6
1414,0.6952380952380952
1435,0.49047619047619045
1442,0.37333333333333335
1486,0.3628285820066642
1497,0.7094017094017094
54,0.1946230274693162
40,0.26801346801346804
95,0.22580645161290322
105,0.18633540372670807
675,0.22836661546338966
783,0.28205128205128205
815,0.4185606060606061
842,0.2833333333333333
1185,0.45614035087719296
1263,0.34065934065934067
283,0.22115384615384615
341,0.27177177177177175
354,0.18518518518518517
508,0.3913978494623656
525,0.2754208754208754
864,0.28677150786308975
866,0.18846153846153846
907,0.28244897959183674
935,0.1975806451612903
1002,0.23588709677419356
1021,0.23218390804597702
1126,0.3722943722943723
1267,0.24606845513413506
1393,0.3978978978978979
1452,0.23529411764705882
179,0.17767537122375832
208,0.38095238095238093
378,0.49195402298850577
865,0.25925925925925924
1003,0.3391812865497076
1353,0.20229885057471264
1429,0.3201058201058201
1502,0.13687899402185116
250,0.3106060606060606
274,0.21644042232277527
638,0.24307692307692308
736,0.46153846153846156
818,0.3077816492450639
1043,0.5555555555555556
1446,0.2328042328042328
44,0.2564102564102564
138,0.22801932367149758
501,0.8333333333333334
529,0.24561403508771928
619,0.3333333333333333
670,0.4675324675324675
887,0.2460881934566145
893,0.20376522702104097
930,0.2558983666061706
1000,0.17051282051282052
1007,0.26666666666666666
1013,0.6857142857142857
1151,0.45454545454545453
1425,0.2698412698412698
45,0.14728682170542637
110,0.2623655913978495
144,0.4052631578947368
253,0.30409356725146197
434,0.23015873015873015
622,0.24324324324324326
686,0.35555555555555557
708,0.36262626262626263
929,0.27666666666666667
961,0.39285714285714285
1119,0.156794425087108
1154,0.23010752688172043
1226,0.4083333333333333
46,0
852,0.4666666666666667
947,0.39285714285714285
1498,1.0
74,0.21674876847290642
278,0.213768115942029
307,0.3003003003003003
496,0.10256410256410256
794,0.20864661654135339
891,0.3003003003003003
1174,0.3103448275862069
1265,0.2865761689291101
1361,0.2571428571428571
460,0.2080808080808081
1004,0.2857142857142857
1032,0.27705627705627706
1337,0.28
124,0.23684210526315788
326,0.4415954415954416
332,0.5862068965517241
767,0.3888888888888889
863,0.36666666666666664
1358,0.5083333333333333
1365,0.45454545454545453
66,0.445578231292517
140,0.37755102040816324
173,0.6666666666666666
200,0.38559814169570267
234,0.5844155844155844
260,0.6071428571428571
343,0.5151515151515151
355,0.49666666666666665
384,0.5238095238095238
388,0.75
470,0.5882352941176471
484,0.65
494,0.43448275862068964
499,0.5321969696969697
522,0.5814393939393939
617,0.5085365853658537
744,0.5134146341463415
799,0.5230769230769231
808,0.56
1028,0.32727272727272727
1031,0.5783475783475783
1099,0.45054945054945056
1142,0.32051282051282054
1186,0.37643097643097645
1218,0.6014492753623188
1228,0.42857142857142855
1299,0.48615384615384616
1326,0.15555555555555556
1348,0.5295566502463054
1349,0.45410628019323673
1370,0.39076923076923076
1374,0.49523809523809526
1392,0.30807453416149067
1416,0.49538461538461537
1455,0.4936507936507937
1500,0.5238095238095238
72,0.20170840613473112
396,0.22016651248843663
601,0.24166666666666667
741,0.28735632183908044
833,0.2747747747747748
988,0.34615384615384615
1057,0.3107769423558897
1131,0.19863013698630136
1153,0.5277777777777778
1512,0.24039829302987198
387,0.34545454545454546
453,0.5448717948717948
513,0.16666666666666666
202,0.20461658841940533
279,0.22857142857142856
403,0.39855072463768115
541,0.5619047619047619
593,0.43478260869565216
695,0.30303030303030304
698,0.22077922077922077
873,0.31981981981981983
976,0.20067340067340067
1155,0.3033826638477801
1194,0.45751633986928103
1275,0.2967032967032967
1276,0.23780487804878048
185,0.12772133526850507
720,0.4583333333333333
139,0.3464052287581699
204,0.4602272727272727
469,0.2857142857142857
1008,0.14227086183310533
137,0
448,0.27485380116959063
59,0.7051282051282052
399,0.30952380952380953
426,0.38095238095238093
497,0.503448275862069
540,0.6388888888888888
1141,0.135632183908046
1193,0.8666666666666667
1257,0.8484848484848485
839,0.21428571428571427
111,0.16927453769559034
240,0.20689655172413793
338,0.13318112633181126
510,0.2028985507246377
618,0.21082621082621084
652,0.16346153846153846
917,0.14714714714714713
1139,0.35555555555555557
375,0.09759615384615385
468,0.14879227053140096
683,0.3931034482758621
757,0.14708603145235893
826,0.31183673469387757
981,0.2073469387755102
1184,0.13690476190476192
65,0.2044334975369458
186,1.0
203,0.26884779516358465
377,0.22528735632183908
536,1.0
854,0.22077922077922077
941,0.6181818181818182
968,0.358695652173913
974,0.32727272727272727
990,0.1708090957165521
1197,0.2794871794871795
1404,0.2101010101010101
1494,0.16139716952725083
67,0.2845849802371542
1012,0.2789473684210526
705,0.39826839826839827
1236,0.28817204301075267
69,0.4090909090909091
288,0.3782051282051282
320,0.26578073089701
502,0.3003003003003003
803,0.23107344632768362
1044,0.6491228070175439
1165,0.21428571428571427
1408,0.1346548188653452
107,0.37846153846153846
545,0.21666666666666667
1359,0.22988505747126436
215,0.25
317,0.4189189189189189
392,0.3798319327731092
474,0.4052631578947368
718,0.16666666666666666
812,0.323921568627451
862,0.27866473149492016
881,0.27152600170502983
950,0.1607454863133372
975,0.3761904761904762
1219,0.27076923076923076
1221,0.26666666666666666
1243,0.28695652173913044
1260,0.21845318860244234
1462,0.3903381642512077
1231,0.14285714285714285
136,0.20915032679738563
615,0.19487179487179487
1113,0.18333333333333332
170,0.3235294117647059
302,0.41025641025641024
1208,0.19073083778966132
76,0.8666666666666667
1045,0
77,0
128,0.2127946127946128
255,0.39770114942528734
440,0.2222222222222222
706,0.4
1511,0.12121212121212122
85,0.3701149425287356
79,0.8538011695906432
557,0.22885572139303484
560,0.31212121212121213
1105,0.4267425320056899
116,0.5333333333333333
422,0
81,0
814,0.3583509513742072
346,0.16911764705882354
429,0.22580645161290322
533,0.30303030303030304
580,0.22845055526176627
1076,0.21839080459770116
1102,0.2605042016806723
1269,0.42857142857142855
84,0.2413793103448276
405,0.16502463054187191
774,0
1501,0.3090909090909091
190,0.2833333333333333
922,0.9
174,0.5541125541125541
367,0.4292929292929293
383,0.5
449,0.5142857142857142
471,0.5416666666666666
582,0.40487804878048783
920,0.6190476190476191
1343,0.4
87,0.2553846153846154
634,0.17813765182186234
712,0.21
729,0.23294629898403482
1259,0.16091954022988506
108,0.21390374331550802
88,0.2536231884057971
120,0.2894736842105263
465,0.30526315789473685
1396,0.22073170731707317
89,0.5274725274725275
771,0.4329004329004329
1302,0.39886039886039887
233,0.16363636363636364
701,0.25666666666666665
1465,0.09523809523809523
184,0.1949579831932773
333,0.25519125683060107
495,0.24735729386892177
523,0.32051282051282054
730,0.5555555555555556
1094,0.2731182795698925
1161,0.23903420523138832
1204,0.5
1215,0.22699849170437406
1252,0.21568627450980393
1291,0.28408163265306124
1318,0.5333333333333333
1481,0.2857142857142857
93,0.3216374269005848
143,0.47435897435897434
371,0.22698412698412698
668,0.24307692307692308
737,0.26861702127659576
1091,0.15053763440860216
94,0.32798573975044565
614,0.4105263157894737
309,0.4
905,0.25946969696969696
1428,0.2961672473867596
1432,0.22662337662337662
575,0.6282051282051282
756,0.7777777777777778
743,0.2276923076923077
844,0.22245614035087719
1373,0.4264705882352941
98,0.2526395173453997
318,0.3724137931034483
456,0.3195402298850575
588,0.23030303030303031
597,0.42105263157894735
600,0.6029411764705882
616,0.3368421052631579
688,0.36
700,0.23939393939393938
819,0.26109936575052856
831,0.23470839260312945
889,0.17305458768873402
903,0.25071225071225073
1372,0.42857142857142855
1072,0.3840682788051209
1387,0.70995670995671
101,1.0
379,0.26666666666666666
728,0.45652173913043476
735,0.1460403492923818
209,0.5691699604743083
218,0.5894736842105263
562,0.3055555555555556
779,0.2701612903225806
789,0.5142857142857142
1112,0.18974358974358974
1138,0.35294117647058826
1178,0.25833333333333336
427,0.6190476190476191
428,0.5882352941176471
584,0.3333333333333333
673,0.4666666666666667
684,0.6666666666666666
885,0.7636363636363637
1088,0.5714285714285714
1089,0.8333333333333334
1378,0.6282051282051282
1459,0.5934065934065934
1482,0.42857142857142855
1514,0.6323529411764706
1409,0.5272727272727272
207,0.1
321,0.14285714285714285
1262,0.4117647058823529
1434,0.5277777777777778
109,0.21846153846153846
153,0.3523809523809524
751,0.6
713,0.3006535947712418
777,0.1795946890286513
451,1.0
1340,0.5909090909090909
113,0.2875816993464052
1051,0.15816326530612246
334,0.6666666666666666
569,0.41818181818181815
1173,0.4444444444444444
1241,0.29747899159663865
1245,0.2761904761904762
1325,1.0
1474,0.23715415019762845
1248,0.2857142857142857
983,0.2246153846153846
436,0.6
1211,0
187,0.16666666666666666
1356,1.0
1121,0.26515151515151514
1070,0.21168831168831168
1401,0.21693121693121692
1421,0.43333333333333335
793,0.18421052631578946
1183,0.46153846153846156
1346,0.1721194879089616
1508,0.24444444444444444
1055,0.22072072072072071
1493,0.1354723707664884
363,0.3137254901960784
258,0.16333333333333333
1049,0.4444444444444444
442,0.41025641025641024
802,0.2156448202959831
836,0.2761904761904762
1506,0.49195402298850577
489,0.2318840579710145
319,0.3915343915343915
360,0.1671497584541063
430,0.21014492753623187
483,0.1870967741935484
725,0.36231884057971014
1450,0.2631578947368421
210,0.3233333333333333
796,0.3042973286875726
1164,0.41025641025641024
331,0.24242424242424243
672,0.5238095238095238
667,0.26180836707152494
1135,0.2462253193960511
869,0.4263157894736842
704,0.3238095238095238
1015,0.4175824175824176
1258,0.19858156028368795
1379,0.16339869281045752
161,0.29
214,0.5277777777777778
1309,0.39285714285714285
505,0.3202614379084967
393,0.6785714285714286
158,0.6
1454,0.6666666666666666
420,0.06666666666666667
1029,0.2463768115942029
1239,0.3333333333333333
166,0.3333333333333333
1147,0.5238095238095238
1167,0.3076923076923077
374,0.1
328,0.36
1518,0.2554112554112554
850,0.33903133903133903
1169,0.4
287,0
565,0.42857142857142855
1227,0.6
1244,0.3333333333333333
349,0.13333333333333333
182,1.0
1009,0
1330,0.32727272727272727
352,1.0
967,0.27472527472527475
1423,0.3523809523809524
606,0.25
1457,0.5512820512820513
804,0.21680672268907564
222,0.8
342,0.5714285714285714
955,0
1082,0.3391812865497076
221,0.6727272727272727
1440,0.4727272727272727
605,0.48333333333333334
884,0
1319,0.32763532763532766
1451,0.7582417582417582
457,0.375
827,0.8222222222222222
1027,0.5333333333333333
364,0.5
1441,0.29333333333333333
1503,0.23670368205727646
948,0.42424242424242425
280,0.3904761904761905
1232,0.28205128205128205
1011,0.22792022792022792
213,0
800,0
431,0
467,0.6783625730994152
721,0.9
807,0.7142857142857143
838,0.16666666666666666
841,0.6666666666666666
931,0.75
977,0
996,0.3333333333333333
1285,1.0
1288,0.8363636363636363
1322,0.4666666666666667
1338,0
1342,0.4909090909090909
1507,1.0
999,0.13333333333333333
1229,0.3333333333333333
353,0.2184873949579832
1300,0.1908831908831909
926,0.2573099415204678
1406,0.3333333333333333
519,0.3619047619047619
1079,0.26354679802955666
466,0.1794871794871795
1417,0.24367816091954023
241,0.5
1310,0.5238095238095238
242,0.3904761904761905
1047,0.2
245,0.3333333333333333
248,0
960,0.21428571428571427
262,0
1022,0.6666666666666666
268,0
671,0
847,0.6818181818181818
273,0.3333333333333333
979,0.7142857142857143
680,0.23809523809523808
1128,0.26666666666666666
773,0.2857142857142857
289,1.0
291,1.0
295,0
914,1.0
1030,0.45454545454545453
1266,0.3333333333333333
1334,0.47435897435897434
630,0.3
1233,1.0
535,0
311,1.0
806,1.0
1206,1.0
1427,0
336,0.3333333333333333
1039,0.6666666666666666
1403,0
643,0
776,0
382,1.0
365,0
574,0.6428571428571429
1140,0.1
1488,1.0
1445,1.0
973,0.2
1517,0
397,0.18181818181818182
404,0
1060,1.0
1483,0.21323529411764705
1314,0.2
848,0.2948717948717949
853,0.36923076923076925
1034,0
1384,1.0
1491,1.0
677,0.25
1371,0
801,0.4666666666666667
480,1.0
1198,0.32142857142857145
989,0.8333333333333334
1201,0.8333333333333334
556,0
570,0
1035,0
980,0
624,0
1127,0
631,0
640,0.3333333333333333
837,0
653,0
655,0
1354,0.6666666666666666
710,1.0
1114,0
895,1.0
747,0
760,0
1438,1.0
858,0
817,0
913,0
954,1.0
1251,1.0
986,0
1351,0
1352,1.0
1110,0
1220,0
1234,0
